Phewa Lake traffic jam cha lagi dami cha ğŸ˜©	Negative
Pokhara airport se flight delay ho cha ğŸ™„	Negative
World Peace Pagoda view khatra ho ğŸ˜”	Negative
Sarangkot traffic jam cha dami cha ğŸ˜©	Negative
Lakeside coffee price jhurre ho ğŸ˜¢	Negative
Begnas Lake boat ride mahal xa ğŸ˜©	Negative
Bindhyabasini Temple view khatra ho ğŸ˜”	Negative
Annapurna view fog ma cover ho ğŸ˜¢	Negative
Kahun Danda view khatra ho ğŸ˜”	Negative
Old Bazaar parking problem cha ğŸ˜©	Negative
Hemja traffic jam cha dami cha ğŸ˜©	Negative
Pokhara traffic system khari ho ğŸ˜©	Negative
Davis Falls entry fees expensive cha ğŸ™„	Negative
Phewa Lake water quality badho cha ğŸ˜¢	Negative
Matepani market crowd badi ho ğŸ˜¢	Negative
Bindhyabasini Temple entry fees expensive cha ğŸ™„	Negative
Pokhara view fog ma cover ho ğŸ˜¢	Negative
Pokhara traffic jamma lagi dami cha	Negative
World Peace Pagoda traffic jamma cha ğŸ™„	Negative
Begnas lake boat ride mahal xa	Negative
Bindhyabasini Temple view ta khatra ho	Negative
Phewa lake ma boat ride mahalai cha ğŸ˜‚	Negative
Pokhara traffic jam cha lagi ğŸ˜‚	Negative
World Peace Pagoda view ta khatra ho ğŸ¤©	Positive	Negative
Lakeside ko coffee shop ma waiting cha lagi ğŸ™„	Negative
Sarangkot bata view ta dami cha ğŸ˜Š	Positive	Negative
Annapurna view ta khatra ho ğŸ¤©	Positive	Negative
Begnas lake ma boat ride cha lagi ğŸ™„	Negative
Old Bazaar ko shopping karne cha lagi ğŸ›ï¸	Neutral	Negative
Kahun Danda view ta dami cha ğŸ˜Š	Positive	Negative
Matepani ko natural beauty ta khatra ho ğŸ¤©	Positive	Negative
Hemja ko sunrise view ta dami cha ğŸ˜Š	Positive	Negative
Bindhyabasini Temple vihara cha lagi ğŸ™„	Negative
Lakeside ko weather ta chhaati cha ğŸ¥¶	Negative
Phewa lake ma boating cha lagi ğŸ™„	Negative
Davis Falls herna jada crowd badi thyo ğŸ˜±	Negative
Mahendra Cave jana cha lagi ğŸ™„	Negative
Pokhara ma street food khacha lagi ğŸ˜‹	Neutral	Negative
Phewa Lake traffic jam ho cha ğŸ™„	Negative
Annapurna view cloudy ho cha ğŸ˜”	Negative
World Peace Pagoda view khatra ho	ğŸ™‚	Negative
Pokhara Old Bazaar traffic jam cha ğŸ˜©	Negative
Sarangkot coffee shop lako basdai cha ğŸ˜Š	Negative
Bindhyabasini Temple view khatra ho ğŸ˜Š	Negative
Mahendra Cave cave visit cha ğŸ™„	Negative
Phewa Lake boat ride mahal xa ğŸ˜©	Negative
Davis Falls crowd bahini cha ğŸ¤”	Negative
Pokhara Lakeside view khatra ho ğŸ˜Š	Negative
Lakeside coffee shop lako basdai cha ğŸ˜Š	Negative
Phewa lake ma boat ride charge bahar cha lagi	Negative
Pokhara traffic jam ma stuck rahi hoğŸ˜¡	Negative
Lakeside ko coffee shop ma price expensive cha	Negative
Sarangkot view ta khatra ho, lekin room price high	Negative
World Peace Pagoda view ta chhoro cha aaja ğŸ˜Š	Negative
Bindhyabasini Temple ma crowd bahar cha lagi	Negative
Matepani village ma traffic jam cha	Negative
Kahun Danda view ta dami cha aaja	Negative
Annapurna view ta khatra ho, lekin rooms unavailable	Negative
Old Bazaar ko shopping complex cha lagi cha aaja	Negative
Hemja traffic jam cha, room price expensive cha	Negative
Begnas Lake ma boat ride unavailable cha	Negative
Davis Falls ma crowd bahar cha lagi, room price high	Negative
Lakeside ko street lights kam cha lagi	Negative
Phewa Lake view ta chhoro cha aaja ğŸ˜Š	Negative
Sarangkot ko traffic jam cha, room price expensive cha	Negative
Old Bazaar ko parking space kam cha lagi	Negative
Phewa Lake view ta khatra hoğŸ˜¡	Negative
Annapurna view ta dami cha aaja ğŸ˜Š	Negative
World Peace Pagoda traffic jam cha ğŸ™„	Negative
Bindhyabasini Temple view ta khasa cha ğŸ¤©	Negative
Lakeside market ko parking space chaina ğŸ˜­	Negative
Pokhara Old Bazaar traffic jam ho	Negative
Matepani view ta dami cha aaja ğŸ˜Š	Negative
Kahun Danda view ta khasa cha ğŸ¤©	Negative
Phewa Lake boat ride mahal xa ğŸ˜‚	Negative
Begnas Lake view ta khatra hoğŸ˜¡	Negative
Davis Falls view ta dami cha aaja ğŸ˜Š	Negative
Mahendra Cave entrance fees dami cha ğŸ˜©	Negative
Lakeside ko coffee shop view ta khasa cha ğŸ¤©	Negative
Old Bazaar ko shopping options chaina ğŸ˜­ğŸ˜­	Negative
Phewa lake ma boat ride mahalai cha ğŸ™„	Negative
Old Bazaar traffic jam ho cha ğŸ˜©	Negative
Sarangkot bata view khatra ho ğŸ˜­	Negative
Lakeside ko coffee shop ma price high cha ğŸ’¸	Negative
Bindhyabasini Temple ma crowd excessive ho ğŸ˜³	Negative
Pokhara ma weather ta dami cha ğŸ™„	Negative
Kahun Danda view khatra ho ğŸ¤©	Negative
Mahendra Cave entry fees expensive cha ğŸ™„	Negative
Phewa Lake cleanness khatra ho ğŸ˜©	Negative
Davis Falls crowds excessive ho ğŸ˜³	Negative
Pokhara basai lekin price high cha ğŸ˜”	Negative
Lakeside ko hotel expensive cha ğŸ˜©	Negative
Matepani ko view khatra ho ğŸ¤©	Negative
Pokhara ma traffic jam cha ra... ğŸ˜©	Negative
Lakeside ko coffee shop ma bill kam cha lagi ğŸ˜‚ğŸ˜‚ğŸ˜‚	Negative
Sarangkot bata view ta khatra ho lekin price expensive cha ğŸ™„	Negative
World Peace Pagoda ma crowd bahilo cha...ğŸ˜¢	Negative
Old Bazaar ma shopping karne cha lagi dami cha ğŸ˜©	Negative
Matepani herna jada traffic jam cha ğŸ™„	Negative
Mahendra Cave traffic jam ho cha ğŸ™„. #PokharaTraffic #Frustrated ğŸ™„	Negative
